Workbook
Name RatingOptions: _목록값!$B$1:$B$10
Name RatingScores: _목록값!$C$1:$C$10
Name SelectionOptions: _목록값!$A$1:$A$2

Sheet 영화목록
A1: 2025년 TMDB 영화 3편
A2: 투표 수 1개 이상 · 상영시간 40분 이상 · 한국어 줄거리 있음 · 성인물 제외 · 인기도 내림차순
A4: 선택 | B4: TMDB ID | C4: 한국어 제목 | D4: 원제 | E4: 개봉일 | F4: 장르 | G4: 제작 국가 | H4: 제작사 | I4: 감독 | J4: 배우 전체 | K4: 원어 | L4: 한국어 줄거리 | M4: 상영시간(분) | N4: _선택번호
A5: 선택 | B5: 1001 | C5: 샘플 영화 1001 | D5: Sample 1001 | E5: 45658 | F5: 드라마 | G5: 미국 | H5: Sample Studio | I5: Sample Director | J5: 배우 A, 배우 B | K5: en | L5: 검증용 영화 줄거리입니다. | M5: 120 | N5: =IF(A5="선택",COUNTIF($A$5:A5,"선택"),"") -> 1
A6: 선택 | B6: 1002 | C6: 샘플 영화 1002 | D6: Sample 1002 | E6: 45657 | F6: 드라마 | G6: 미국 | H6: Sample Studio | I6: Sample Director | J6: 배우 A, 배우 B | K6: en | L6: 검증용 영화 줄거리입니다. | M6: 120 | N6: =IF(A6="선택",COUNTIF($A$5:A6,"선택"),"") -> 2
A7: 선택 | B7: 1003 | C7: 샘플 영화 1003 | D7: Sample 1003 | E7: 46022 | F7: 드라마 | G7: 미국 | H7: Sample Studio | I7: Sample Director | J7: 배우 A, 배우 B | K7: en | L7: 검증용 영화 줄거리입니다. | M7: 120 | N7: =IF(A7="선택",COUNTIF($A$5:A7,"선택"),"") -> 3

Sheet 감상기록
A1: 감상기록
A2: 영화목록에서 '선택'하면 TMDB ID와 영화 정보가 자동으로 표시됩니다. 내 별점은 목록에서 선택하고 감상평을 입력하세요.
A4: TMDB ID | B4: 한국어 제목 | C4: 원제 | D4: 개봉일 | E4: 장르 | F4: 제작 국가 | G4: 제작사 | H4: 감독 | I4: 배우 전체 | J4: 원어 | K4: 한국어 줄거리 | L4: 상영시간(분) | M4: 내 별점 | N4: 감상평
A5: =IFERROR(INDEX(영화목록!$B$5:$B$7,MATCH(ROWS($A$5:A5),영화목록!$N$5:$N$7,0)),"") -> 1001 | B5: =IF(A5="","",IFERROR(INDEX(영화목록!$C$5:$C$7,MATCH(A5,영화목록!$B$5:$B$7,0)),"")) -> 샘플 영화 1001 | C5: =IF(A5="","",IFERROR(INDEX(영화목록!$D$5:$D$7,MATCH(A5,영화목록!$B$5:$B$7,0)),"")) -> Sample 1001 | D5: =IF(A5="","",IFERROR(INDEX(영화목록!$E$5:$E$7,MATCH(A5,영화목록!$B$5:$B$7,0)),"")) -> 45658 | E5: =IF(A5="","",IFERROR(INDEX(영화목록!$F$5:$F$7,MATCH(A5,영화목록!$B$5:$B$7,0)),"")) -> 드라마 | F5: =IF(A5="","",IFERROR(INDEX(영화목록!$G$5:$G$7,MATCH(A5,영화목록!$B$5:$B$7,0)),"")) -> 미국 | G5: =IF(A5="","",IFERROR(INDEX(영화목록!$H$5:$H$7,MATCH(A5,영화목록!$B$5:$B$7,0)),"")) -> Sample Studio | H5: =IF(A5="","",IFERROR(INDEX(영화목록!$I$5:$I$7,MATCH(A5,영화목록!$B$5:$B$7,0)),"")) -> Sample Director | I5: =IF(A5="","",IFERROR(INDEX(영화목록!$J$5:$J$7,MATCH(A5,영화목록!$B$5:$B$7,0)),"")) -> 배우 A, 배우 B | J5: =IF(A5="","",IFERROR(INDEX(영화목록!$K$5:$K$7,MATCH(A5,영화목록!$B$5:$B$7,0)),"")) -> en | K5: =IF(A5="","",IFERROR(INDEX(영화목록!$L$5:$L$7,MATCH(A5,영화목록!$B$5:$B$7,0)),"")) -> 검증용 영화 줄거리입니다. | L5: =IF(A5="","",IFERROR(INDEX(영화목록!$M$5:$M$7,MATCH(A5,영화목록!$B$5:$B$7,0)),"")) -> 120 | M5: ☆
A6: =IFERROR(INDEX(영화목록!$B$5:$B$7,MATCH(ROWS($A$5:A6),영화목록!$N$5:$N$7,0)),"") -> 1002 | B6: =IF(A6="","",IFERROR(INDEX(영화목록!$C$5:$C$7,MATCH(A6,영화목록!$B$5:$B$7,0)),"")) -> 샘플 영화 1002 | C6: =IF(A6="","",IFERROR(INDEX(영화목록!$D$5:$D$7,MATCH(A6,영화목록!$B$5:$B$7,0)),"")) -> Sample 1002 | D6: =IF(A6="","",IFERROR(INDEX(영화목록!$E$5:$E$7,MATCH(A6,영화목록!$B$5:$B$7,0)),"")) -> 45657 | E6: =IF(A6="","",IFERROR(INDEX(영화목록!$F$5:$F$7,MATCH(A6,영화목록!$B$5:$B$7,0)),"")) -> 드라마 | F6: =IF(A6="","",IFERROR(INDEX(영화목록!$G$5:$G$7,MATCH(A6,영화목록!$B$5:$B$7,0)),"")) -> 미국 | G6: =IF(A6="","",IFERROR(INDEX(영화목록!$H$5:$H$7,MATCH(A6,영화목록!$B$5:$B$7,0)),"")) -> Sample Studio | H6: =IF(A6="","",IFERROR(INDEX(영화목록!$I$5:$I$7,MATCH(A6,영화목록!$B$5:$B$7,0)),"")) -> Sample Director | I6: =IF(A6="","",IFERROR(INDEX(영화목록!$J$5:$J$7,MATCH(A6,영화목록!$B$5:$B$7,0)),"")) -> 배우 A, 배우 B | J6: =IF(A6="","",IFERROR(INDEX(영화목록!$K$5:$K$7,MATCH(A6,영화목록!$B$5:$B$7,0)),"")) -> en | K6: =IF(A6="","",IFERROR(INDEX(영화목록!$L$5:$L$7,MATCH(A6,영화목록!$B$5:$B$7,0)),"")) -> 검증용 영화 줄거리입니다. | L6: =IF(A6="","",IFERROR(INDEX(영화목록!$M$5:$M$7,MATCH(A6,영화목록!$B$5:$B$7,0)),"")) -> 120 | M6: ★★★
A7: =IFERROR(INDEX(영화목록!$B$5:$B$7,MATCH(ROWS($A$5:A7),영화목록!$N$5:$N$7,0)),"") -> 1003 | B7: =IF(A7="","",IFERROR(INDEX(영화목록!$C$5:$C$7,MATCH(A7,영화목록!$B$5:$B$7,0)),"")) -> 샘플 영화 1003 | C7: =IF(A7="","",IFERROR(INDEX(영화목록!$D$5:$D$7,MATCH(A7,영화목록!$B$5:$B$7,0)),"")) -> Sample 1003 | D7: =IF(A7="","",IFERROR(INDEX(영화목록!$E$5:$E$7,MATCH(A7,영화목록!$B$5:$B$7,0)),"")) -> 46022 | E7: =IF(A7="","",IFERROR(INDEX(영화목록!$F$5:$F$7,MATCH(A7,영화목록!$B$5:$B$7,0)),"")) -> 드라마 | F7: =IF(A7="","",IFERROR(INDEX(영화목록!$G$5:$G$7,MATCH(A7,영화목록!$B$5:$B$7,0)),"")) -> 미국 | G7: =IF(A7="","",IFERROR(INDEX(영화목록!$H$5:$H$7,MATCH(A7,영화목록!$B$5:$B$7,0)),"")) -> Sample Studio | H7: =IF(A7="","",IFERROR(INDEX(영화목록!$I$5:$I$7,MATCH(A7,영화목록!$B$5:$B$7,0)),"")) -> Sample Director | I7: =IF(A7="","",IFERROR(INDEX(영화목록!$J$5:$J$7,MATCH(A7,영화목록!$B$5:$B$7,0)),"")) -> 배우 A, 배우 B | J7: =IF(A7="","",IFERROR(INDEX(영화목록!$K$5:$K$7,MATCH(A7,영화목록!$B$5:$B$7,0)),"")) -> en | K7: =IF(A7="","",IFERROR(INDEX(영화목록!$L$5:$L$7,MATCH(A7,영화목록!$B$5:$B$7,0)),"")) -> 검증용 영화 줄거리입니다. | L7: =IF(A7="","",IFERROR(INDEX(영화목록!$M$5:$M$7,MATCH(A7,영화목록!$B$5:$B$7,0)),"")) -> 120 | M7: ★★★★★

Sheet 통계
A1: 감상기록 통계
A2: 감상기록 시트를 기준으로 개봉연도별 감상 편수와 별점을 집계합니다. 별점이 없는 영화도 감상 편수에는 포함됩니다.
A4: 개봉연도 | B4: 감상 영화 수 | C4: 별점 입력 수 | D4: 평균 별점 | F4: 별점 | G4: 영화 수 | I4: 전체 감상 영화 | J4: =COUNTIF(MovieReviews[TMDB ID],">0") -> 3
A5: 2028 | B5: =COUNTIFS(MovieReviews[개봉일],">="&DATE(A5,1,1),MovieReviews[개봉일],"<"&DATE(A5+1,1,1),MovieReviews[TMDB ID],">0") -> 0 | C5: =COUNTIFS(MovieReviews[개봉일],">="&DATE(A5,1,1),MovieReviews[개봉일],"<"&DATE(A5+1,1,1),MovieReviews[내 별점],"<>") -> 0 | D5: =IF(C5=0,"",SUMPRODUCT(COUNTIFS(MovieReviews[개봉일],">="&DATE(A5,1,1),MovieReviews[개봉일],"<"&DATE(A5+1,1,1),MovieReviews[내 별점],RatingOptions),RatingScores)/C5) | F5: ☆ | G5: =COUNTIF(MovieReviews[내 별점],F5) -> 1 | I5: 별점 입력 영화 | J5: =COUNTIF(MovieReviews[내 별점],"<>") -> 3
A6: 2027 | B6: =COUNTIFS(MovieReviews[개봉일],">="&DATE(A6,1,1),MovieReviews[개봉일],"<"&DATE(A6+1,1,1),MovieReviews[TMDB ID],">0") -> 0 | C6: =COUNTIFS(MovieReviews[개봉일],">="&DATE(A6,1,1),MovieReviews[개봉일],"<"&DATE(A6+1,1,1),MovieReviews[내 별점],"<>") -> 0 | D6: =IF(C6=0,"",SUMPRODUCT(COUNTIFS(MovieReviews[개봉일],">="&DATE(A6,1,1),MovieReviews[개봉일],"<"&DATE(A6+1,1,1),MovieReviews[내 별점],RatingOptions),RatingScores)/C6) | F6: ★ | G6: =COUNTIF(MovieReviews[내 별점],F6) -> 0 | I6: 전체 평균 별점 | J6: =IF(J5=0,"",SUMPRODUCT(COUNTIF(MovieReviews[내 별점],RatingOptions),RatingScores)/J5) -> 2.8333333
A7: 2026 | B7: =COUNTIFS(MovieReviews[개봉일],">="&DATE(A7,1,1),MovieReviews[개봉일],"<"&DATE(A7+1,1,1),MovieReviews[TMDB ID],">0") -> 0 | C7: =COUNTIFS(MovieReviews[개봉일],">="&DATE(A7,1,1),MovieReviews[개봉일],"<"&DATE(A7+1,1,1),MovieReviews[내 별점],"<>") -> 0 | D7: =IF(C7=0,"",SUMPRODUCT(COUNTIFS(MovieReviews[개봉일],">="&DATE(A7,1,1),MovieReviews[개봉일],"<"&DATE(A7+1,1,1),MovieReviews[내 별점],RatingOptions),RatingScores)/C7) | F7: ★☆ | G7: =COUNTIF(MovieReviews[내 별점],F7) -> 0 | I7: 개봉일 미등록 | J7: =COUNTIFS(MovieReviews[TMDB ID],">0",MovieReviews[개봉일],"") -> 0
A8: 2025 | B8: =COUNTIFS(MovieReviews[개봉일],">="&DATE(A8,1,1),MovieReviews[개봉일],"<"&DATE(A8+1,1,1),MovieReviews[TMDB ID],">0") -> 2 | C8: =COUNTIFS(MovieReviews[개봉일],">="&DATE(A8,1,1),MovieReviews[개봉일],"<"&DATE(A8+1,1,1),MovieReviews[내 별점],"<>") -> 2 | D8: =IF(C8=0,"",SUMPRODUCT(COUNTIFS(MovieReviews[개봉일],">="&DATE(A8,1,1),MovieReviews[개봉일],"<"&DATE(A8+1,1,1),MovieReviews[내 별점],RatingOptions),RatingScores)/C8) -> 2.75 | F8: ★★ | G8: =COUNTIF(MovieReviews[내 별점],F8) -> 0
A9: 2024 | B9: =COUNTIFS(MovieReviews[개봉일],">="&DATE(A9,1,1),MovieReviews[개봉일],"<"&DATE(A9+1,1,1),MovieReviews[TMDB ID],">0") -> 1 | C9: =COUNTIFS(MovieReviews[개봉일],">="&DATE(A9,1,1),MovieReviews[개봉일],"<"&DATE(A9+1,1,1),MovieReviews[내 별점],"<>") -> 1 | D9: =IF(C9=0,"",SUMPRODUCT(COUNTIFS(MovieReviews[개봉일],">="&DATE(A9,1,1),MovieReviews[개봉일],"<"&DATE(A9+1,1,1),MovieReviews[내 별점],RatingOptions),RatingScores)/C9) -> 3 | F9: ★★☆ | G9: =COUNTIF(MovieReviews[내 별점],F9) -> 0
A10: 2023 | B10: =COUNTIFS(MovieReviews[개봉일],">="&DATE(A10,1,1),MovieReviews[개봉일],"<"&DATE(A10+1,1,1),MovieReviews[TMDB ID],">0") -> 0 | C10: =COUNTIFS(MovieReviews[개봉일],">="&DATE(A10,1,1),MovieReviews[개봉일],"<"&DATE(A10+1,1,1),MovieReviews[내 별점],"<>") -> 0 | D10: =IF(C10=0,"",SUMPRODUCT(COUNTIFS(MovieReviews[개봉일],">="&DATE(A10,1,1),MovieReviews[개봉일],"<"&DATE(A10+1,1,1),MovieReviews[내 별점],RatingOptions),RatingScores)/C10) | F10: ★★★ | G10: =COUNTIF(MovieReviews[내 별점],F10) -> 1
A11: 2022 | B11: =COUNTIFS(MovieReviews[개봉일],">="&DATE(A11,1,1),MovieReviews[개봉일],"<"&DATE(A11+1,1,1),MovieReviews[TMDB ID],">0") -> 0 | C11: =COUNTIFS(MovieReviews[개봉일],">="&DATE(A11,1,1),MovieReviews[개봉일],"<"&DATE(A11+1,1,1),MovieReviews[내 별점],"<>") -> 0 | D11: =IF(C11=0,"",SUMPRODUCT(COUNTIFS(MovieReviews[개봉일],">="&DATE(A11,1,1),MovieReviews[개봉일],"<"&DATE(A11+1,1,1),MovieReviews[내 별점],RatingOptions),RatingScores)/C11) | F11: ★★★☆ | G11: =COUNTIF(MovieReviews[내 별점],F11) -> 0
A12: 2021 | B12: =COUNTIFS(MovieReviews[개봉일],">="&DATE(A12,1,1),MovieReviews[개봉일],"<"&DATE(A12+1,1,1),MovieReviews[TMDB ID],">0") -> 0 | C12: =COUNTIFS(MovieReviews[개봉일],">="&DATE(A12,1,1),MovieReviews[개봉일],"<"&DATE(A12+1,1,1),MovieReviews[내 별점],"<>") -> 0 | D12: =IF(C12=0,"",SUMPRODUCT(COUNTIFS(MovieReviews[개봉일],">="&DATE(A12,1,1),MovieReviews[개봉일],"<"&DATE(A12+1,1,1),MovieReviews[내 별점],RatingOptions),RatingScores)/C12) | F12: ★★★★ | G12: =COUNTIF(MovieReviews[내 별점],F12) -> 0
A13: 2020 | B13: =COUNTIFS(MovieReviews[개봉일],">="&DATE(A13,1,1),MovieReviews[개봉일],"<"&DATE(A13+1,1,1),MovieReviews[TMDB ID],">0") -> 0 | C13: =COUNTIFS(MovieReviews[개봉일],">="&DATE(A13,1,1),MovieReviews[개봉일],"<"&DATE(A13+1,1,1),MovieReviews[내 별점],"<>") -> 0 | D13: =IF(C13=0,"",SUMPRODUCT(COUNTIFS(MovieReviews[개봉일],">="&DATE(A13,1,1),MovieReviews[개봉일],"<"&DATE(A13+1,1,1),MovieReviews[내 별점],RatingOptions),RatingScores)/C13) | F13: ★★★★☆ | G13: =COUNTIF(MovieReviews[내 별점],F13) -> 0
F14: ★★★★★ | G14: =COUNTIF(MovieReviews[내 별점],F14) -> 1

Sheet 조회정보
A1: 조회 정보
A3: 항목 | B3: 값
A4: 출처 | B4: TMDB API
A5: 대상 연도 | B5: 2025
A6: 정렬 | B6: 인기도 내림차순
A7: 투표 수 조건 | B7: 1개 이상 (투표 0개 제외)
A8: 영화 수 | B8: 3
A9: 언어 | B9: 한국어 (ko-KR)
A10: 상영시간 조건 | B10: 40분 이상 (미등록 제외)
A11: 줄거리 조건 | B11: 한국어(ko-KR) 줄거리가 있는 영화만 포함
A12: 조회 시각 | B12: 46262.225

Sheet _목록값
A1: 미선택 | B1: ☆ | C1: 0.5
A2: 선택 | B2: ★ | C2: 1
B3: ★☆ | C3: 1.5
B4: ★★ | C4: 2
B5: ★★☆ | C5: 2.5
B6: ★★★ | C6: 3
B7: ★★★☆ | C7: 3.5
B8: ★★★★ | C8: 4
B9: ★★★★☆ | C9: 4.5
B10: ★★★★★ | C10: 5
